x,passRPS,passHood
2.3270928901978682,-26.0,1430
1.623143682450791,-23.5,1430
2.9901122995402156,-29.0,1430
1.9707635224338804,-25.0,1430