x,RPS,Hood
2.3270928901978682,-52.0,1430
1.623143682450791,-47.0,1430
2.9901122995402156,-58.0,1430
1.9707635224338804,-50.0,1430